{"cameraMode":{"drawMode":0,"name":"Shaded","section":"Shading Mode"},"sceneLighting":true,"audioPlay":false,"sceneViewState":{"m_AlwaysRefresh":false,"showFog":true,"showSkybox":true,"showFlares":true,"showImageEffects":true,"showParticleSystems":true,"showVisualEffectGraphs":true,"m_FxEnabled":true},"in2DMode":false,"pivot":{"x":-0.557343065738678,"y":-1.7771915197372437,"z":4.968459129333496},"rotation":{"x":-0.23319076001644135,"y":0.16303709149360658,"z":-0.039691973477602008,"w":-0.9578375220298767},"size":12.124356269836426,"orthographic":false}